id_stanowiska,nazwa_stanowiska,opis
1,Obsluga Klienta,opis
2,Obsluga Klienta,opis
3,Obsluga Klienta,opis
4,Obsluga Klienta,opis
5,Asystent,opis
6,Obsluga Klienta,opis
7,Kierownik,opis
8,Koordynator,opis
9,Koordynator,opis
10,Asystent,opis
11,Kierownik,opis
12,Asystent,opis
13,Asystent,opis
14,Obsluga Klienta,opis
15,Asystent,opis
16,Asystent,opis
17,Obsluga Klienta,opis
18,Kierownik,opis
19,Koordynator,opis
20,Asystent,opis
21,Asystent,opis
22,Obsluga Klienta,opis
23,Koordynator,opis
24,Obsluga Klienta,opis
25,Koordynator,opis
26,Asystent,opis
27,Koordynator,opis
28,Koordynator,opis
29,Koordynator,opis
30,Obsluga Klienta,opis
31,Kierownik,opis
32,Obsluga Klienta,opis
33,Asystent,opis
34,Asystent,opis
35,Asystent,opis
36,Asystent,opis
37,Asystent,opis
38,Kierownik,opis
39,Obsluga Klienta,opis
40,Kierownik,opis
41,Kierownik,opis
42,Asystent,opis
43,Asystent,opis
44,Kierownik,opis
45,Obsluga Klienta,opis
46,Kierownik,opis
47,Obsluga Klienta,opis
48,Koordynator,opis
49,Koordynator,opis
50,Koordynator,opis
51,Koordynator,opis
52,Obsluga Klienta,opis
53,Obsluga Klienta,opis
54,Obsluga Klienta,opis
55,Kierownik,opis
56,Asystent,opis
57,Kierownik,opis
58,Asystent,opis
59,Asystent,opis
60,Kierownik,opis
61,Obsluga Klienta,opis
62,Kierownik,opis
63,Kierownik,opis
64,Kierownik,opis
65,Kierownik,opis
66,Koordynator,opis
67,Koordynator,opis
68,Obsluga Klienta,opis
69,Koordynator,opis
70,Asystent,opis
71,Asystent,opis
72,Asystent,opis
73,Asystent,opis
74,Kierownik,opis
75,Kierownik,opis
76,Asystent,opis
77,Asystent,opis
78,Obsluga Klienta,opis
79,Kierownik,opis
80,Obsluga Klienta,opis
81,Koordynator,opis
82,Obsluga Klienta,opis
83,Koordynator,opis
84,Asystent,opis
85,Kierownik,opis
86,Asystent,opis
87,Kierownik,opis
88,Kierownik,opis
89,Obsluga Klienta,opis
90,Koordynator,opis
91,Asystent,opis
92,Koordynator,opis
93,Asystent,opis
94,Obsluga Klienta,opis
95,Asystent,opis
96,Asystent,opis
97,Asystent,opis
98,Asystent,opis
99,Asystent,opis
100,Kierownik,opis
101,Koordynator,opis
102,Kierownik,opis
103,Obsluga Klienta,opis
104,Asystent,opis
105,Obsluga Klienta,opis
106,Kierownik,opis
107,Koordynator,opis
108,Asystent,opis
109,Obsluga Klienta,opis
110,Obsluga Klienta,opis
111,Kierownik,opis
112,Koordynator,opis
113,Koordynator,opis
114,Asystent,opis
115,Obsluga Klienta,opis
116,Koordynator,opis
117,Koordynator,opis
118,Koordynator,opis
119,Kierownik,opis
120,Asystent,opis
121,Asystent,opis
122,Koordynator,opis
123,Obsluga Klienta,opis
124,Asystent,opis
125,Kierownik,opis
126,Obsluga Klienta,opis
127,Kierownik,opis
128,Koordynator,opis
129,Asystent,opis
130,Obsluga Klienta,opis
131,Kierownik,opis
132,Obsluga Klienta,opis
133,Kierownik,opis
134,Kierownik,opis
135,Koordynator,opis
136,Obsluga Klienta,opis
137,Kierownik,opis
138,Obsluga Klienta,opis
139,Kierownik,opis
140,Kierownik,opis
141,Koordynator,opis
142,Obsluga Klienta,opis
143,Kierownik,opis
144,Asystent,opis
145,Obsluga Klienta,opis
146,Koordynator,opis
147,Asystent,opis
148,Koordynator,opis
149,Obsluga Klienta,opis
150,Obsluga Klienta,opis
151,Obsluga Klienta,opis
152,Asystent,opis
153,Asystent,opis
154,Obsluga Klienta,opis
155,Asystent,opis
156,Obsluga Klienta,opis
157,Kierownik,opis
158,Asystent,opis
159,Obsluga Klienta,opis
160,Asystent,opis
161,Obsluga Klienta,opis
162,Kierownik,opis
163,Obsluga Klienta,opis
164,Asystent,opis
165,Obsluga Klienta,opis
166,Koordynator,opis
167,Asystent,opis
168,Obsluga Klienta,opis
169,Kierownik,opis
170,Obsluga Klienta,opis
171,Koordynator,opis
172,Asystent,opis
173,Kierownik,opis
174,Asystent,opis
175,Asystent,opis
176,Kierownik,opis
177,Obsluga Klienta,opis
178,Koordynator,opis
179,Koordynator,opis
180,Kierownik,opis
181,Koordynator,opis
182,Asystent,opis
183,Koordynator,opis
184,Obsluga Klienta,opis
185,Koordynator,opis
186,Koordynator,opis
187,Koordynator,opis
188,Asystent,opis
189,Koordynator,opis
190,Obsluga Klienta,opis
191,Asystent,opis
192,Kierownik,opis
193,Asystent,opis
194,Asystent,opis
195,Asystent,opis
196,Koordynator,opis
197,Asystent,opis
198,Asystent,opis
199,Koordynator,opis
200,Asystent,opis
201,Asystent,opis
202,Koordynator,opis
203,Kierownik,opis
204,Asystent,opis
205,Kierownik,opis
206,Asystent,opis
207,Obsluga Klienta,opis
208,Obsluga Klienta,opis
209,Kierownik,opis
210,Obsluga Klienta,opis
211,Kierownik,opis
212,Asystent,opis
213,Obsluga Klienta,opis
214,Asystent,opis
215,Asystent,opis
216,Koordynator,opis
217,Asystent,opis
218,Obsluga Klienta,opis
219,Koordynator,opis
220,Kierownik,opis
221,Obsluga Klienta,opis
222,Koordynator,opis
223,Obsluga Klienta,opis
224,Obsluga Klienta,opis
225,Kierownik,opis
226,Kierownik,opis
227,Obsluga Klienta,opis
228,Kierownik,opis
229,Koordynator,opis
230,Asystent,opis
231,Obsluga Klienta,opis
232,Obsluga Klienta,opis
233,Asystent,opis
234,Asystent,opis
235,Asystent,opis
236,Koordynator,opis
237,Asystent,opis
238,Obsluga Klienta,opis
239,Asystent,opis
240,Kierownik,opis
241,Koordynator,opis
242,Obsluga Klienta,opis
243,Kierownik,opis
244,Obsluga Klienta,opis
245,Koordynator,opis
246,Koordynator,opis
247,Kierownik,opis
248,Asystent,opis
249,Obsluga Klienta,opis
250,Obsluga Klienta,opis
251,Koordynator,opis
252,Asystent,opis
253,Koordynator,opis
254,Obsluga Klienta,opis
255,Kierownik,opis
256,Kierownik,opis
257,Koordynator,opis
258,Obsluga Klienta,opis
259,Asystent,opis
260,Obsluga Klienta,opis
261,Koordynator,opis
262,Obsluga Klienta,opis
263,Obsluga Klienta,opis
264,Kierownik,opis
265,Asystent,opis
266,Asystent,opis
267,Obsluga Klienta,opis
268,Asystent,opis
269,Kierownik,opis
270,Obsluga Klienta,opis
271,Kierownik,opis
272,Koordynator,opis
273,Asystent,opis
274,Asystent,opis
275,Obsluga Klienta,opis
276,Asystent,opis
277,Asystent,opis
278,Asystent,opis
279,Obsluga Klienta,opis
280,Kierownik,opis
281,Asystent,opis
282,Koordynator,opis
283,Asystent,opis
284,Kierownik,opis
285,Obsluga Klienta,opis
286,Koordynator,opis
287,Kierownik,opis
288,Asystent,opis
289,Kierownik,opis
290,Asystent,opis
291,Koordynator,opis
292,Koordynator,opis
293,Koordynator,opis
294,Obsluga Klienta,opis
295,Kierownik,opis
296,Kierownik,opis
297,Asystent,opis
298,Obsluga Klienta,opis
299,Koordynator,opis
300,Obsluga Klienta,opis
301,Asystent,opis
302,Obsluga Klienta,opis
303,Obsluga Klienta,opis
304,Obsluga Klienta,opis
305,Asystent,opis
306,Obsluga Klienta,opis
307,Koordynator,opis
308,Kierownik,opis
309,Obsluga Klienta,opis
310,Asystent,opis
311,Asystent,opis
312,Obsluga Klienta,opis
313,Kierownik,opis
314,Kierownik,opis
315,Kierownik,opis
316,Obsluga Klienta,opis
317,Kierownik,opis
318,Koordynator,opis
319,Obsluga Klienta,opis
320,Koordynator,opis
321,Obsluga Klienta,opis
322,Asystent,opis
323,Obsluga Klienta,opis
324,Asystent,opis
325,Koordynator,opis
326,Koordynator,opis
327,Asystent,opis
328,Obsluga Klienta,opis
329,Kierownik,opis
330,Asystent,opis
331,Obsluga Klienta,opis
332,Asystent,opis
333,Koordynator,opis
334,Obsluga Klienta,opis
335,Obsluga Klienta,opis
336,Kierownik,opis
337,Kierownik,opis
338,Kierownik,opis
339,Kierownik,opis
340,Asystent,opis
341,Kierownik,opis
342,Kierownik,opis
343,Obsluga Klienta,opis
344,Kierownik,opis
345,Asystent,opis
346,Kierownik,opis
347,Kierownik,opis
348,Obsluga Klienta,opis
349,Kierownik,opis
350,Koordynator,opis
351,Obsluga Klienta,opis
352,Obsluga Klienta,opis
353,Obsluga Klienta,opis
354,Kierownik,opis
355,Obsluga Klienta,opis
356,Koordynator,opis
357,Asystent,opis
358,Obsluga Klienta,opis
359,Asystent,opis
360,Koordynator,opis
361,Koordynator,opis
362,Obsluga Klienta,opis
363,Kierownik,opis
364,Kierownik,opis
365,Kierownik,opis
366,Obsluga Klienta,opis
367,Koordynator,opis
368,Koordynator,opis
369,Kierownik,opis
370,Obsluga Klienta,opis
371,Obsluga Klienta,opis
372,Koordynator,opis
373,Kierownik,opis
374,Asystent,opis
375,Koordynator,opis
376,Obsluga Klienta,opis
377,Asystent,opis
378,Obsluga Klienta,opis
379,Obsluga Klienta,opis
380,Kierownik,opis
381,Koordynator,opis
382,Obsluga Klienta,opis
383,Kierownik,opis
384,Obsluga Klienta,opis
385,Asystent,opis
386,Asystent,opis
387,Koordynator,opis
388,Asystent,opis
389,Obsluga Klienta,opis
390,Koordynator,opis
391,Koordynator,opis
392,Asystent,opis
393,Asystent,opis
394,Kierownik,opis
395,Koordynator,opis
396,Obsluga Klienta,opis
397,Asystent,opis
398,Asystent,opis
399,Obsluga Klienta,opis
400,Kierownik,opis
401,Kierownik,opis
402,Koordynator,opis
403,Asystent,opis
404,Kierownik,opis
405,Koordynator,opis
406,Kierownik,opis
407,Obsluga Klienta,opis
408,Asystent,opis
409,Obsluga Klienta,opis
410,Koordynator,opis
411,Asystent,opis
412,Kierownik,opis
413,Asystent,opis
414,Kierownik,opis
415,Kierownik,opis
416,Obsluga Klienta,opis
417,Obsluga Klienta,opis
418,Obsluga Klienta,opis
419,Asystent,opis
420,Kierownik,opis
421,Kierownik,opis
422,Asystent,opis
423,Koordynator,opis
424,Asystent,opis
425,Kierownik,opis
426,Kierownik,opis
427,Asystent,opis
428,Kierownik,opis
429,Koordynator,opis
430,Obsluga Klienta,opis
431,Kierownik,opis
432,Kierownik,opis
433,Asystent,opis
434,Asystent,opis
435,Koordynator,opis
436,Obsluga Klienta,opis
437,Koordynator,opis
438,Obsluga Klienta,opis
439,Obsluga Klienta,opis
440,Kierownik,opis
441,Kierownik,opis
442,Obsluga Klienta,opis
443,Asystent,opis
444,Kierownik,opis
445,Obsluga Klienta,opis
446,Asystent,opis
447,Kierownik,opis
448,Obsluga Klienta,opis
449,Kierownik,opis
450,Obsluga Klienta,opis
451,Asystent,opis
452,Kierownik,opis
453,Asystent,opis
454,Asystent,opis
455,Koordynator,opis
456,Obsluga Klienta,opis
457,Koordynator,opis
458,Asystent,opis
459,Kierownik,opis
460,Koordynator,opis
461,Asystent,opis
462,Obsluga Klienta,opis
463,Asystent,opis
464,Obsluga Klienta,opis
465,Obsluga Klienta,opis
466,Koordynator,opis
467,Kierownik,opis
468,Koordynator,opis
469,Kierownik,opis
470,Koordynator,opis
471,Asystent,opis
472,Koordynator,opis
473,Koordynator,opis
474,Koordynator,opis
475,Asystent,opis
476,Obsluga Klienta,opis
477,Asystent,opis
478,Kierownik,opis
479,Kierownik,opis
480,Asystent,opis
481,Asystent,opis
482,Obsluga Klienta,opis
483,Obsluga Klienta,opis
484,Asystent,opis
485,Obsluga Klienta,opis
486,Obsluga Klienta,opis
487,Obsluga Klienta,opis
488,Obsluga Klienta,opis
489,Kierownik,opis
490,Asystent,opis
491,Kierownik,opis
492,Asystent,opis
493,Asystent,opis
494,Obsluga Klienta,opis
495,Obsluga Klienta,opis
496,Koordynator,opis
497,Obsluga Klienta,opis
498,Obsluga Klienta,opis
499,Asystent,opis
500,Obsluga Klienta,opis
501,Koordynator,opis
502,Obsluga Klienta,opis
503,Obsluga Klienta,opis
504,Asystent,opis
505,Asystent,opis
506,Kierownik,opis
507,Koordynator,opis
508,Kierownik,opis
509,Asystent,opis
510,Koordynator,opis
511,Obsluga Klienta,opis
512,Koordynator,opis
513,Obsluga Klienta,opis
514,Kierownik,opis
515,Obsluga Klienta,opis
516,Asystent,opis
517,Obsluga Klienta,opis
518,Kierownik,opis
519,Obsluga Klienta,opis
520,Kierownik,opis
521,Kierownik,opis
522,Koordynator,opis
523,Asystent,opis
524,Koordynator,opis
525,Obsluga Klienta,opis
526,Asystent,opis
527,Asystent,opis
528,Kierownik,opis
529,Obsluga Klienta,opis
530,Asystent,opis
531,Kierownik,opis
532,Obsluga Klienta,opis
533,Obsluga Klienta,opis
534,Obsluga Klienta,opis
535,Kierownik,opis
536,Obsluga Klienta,opis
537,Asystent,opis
538,Asystent,opis
539,Obsluga Klienta,opis
540,Kierownik,opis
541,Asystent,opis
542,Obsluga Klienta,opis
543,Kierownik,opis
544,Koordynator,opis
545,Asystent,opis
546,Obsluga Klienta,opis
547,Kierownik,opis
548,Koordynator,opis
549,Koordynator,opis
550,Asystent,opis
551,Kierownik,opis
552,Asystent,opis
553,Kierownik,opis
554,Kierownik,opis
555,Obsluga Klienta,opis
556,Koordynator,opis
557,Asystent,opis
558,Koordynator,opis
559,Koordynator,opis
560,Asystent,opis
561,Obsluga Klienta,opis
562,Kierownik,opis
563,Obsluga Klienta,opis
564,Asystent,opis
565,Koordynator,opis
566,Koordynator,opis
567,Koordynator,opis
568,Obsluga Klienta,opis
569,Kierownik,opis
570,Koordynator,opis
571,Obsluga Klienta,opis
572,Kierownik,opis
573,Asystent,opis
574,Kierownik,opis
575,Asystent,opis
576,Kierownik,opis
577,Koordynator,opis
578,Asystent,opis
579,Koordynator,opis
580,Kierownik,opis
581,Koordynator,opis
582,Koordynator,opis
583,Kierownik,opis
584,Asystent,opis
585,Koordynator,opis
586,Kierownik,opis
587,Koordynator,opis
588,Asystent,opis
589,Obsluga Klienta,opis
590,Kierownik,opis
591,Obsluga Klienta,opis
592,Koordynator,opis
593,Asystent,opis
594,Asystent,opis
595,Koordynator,opis
596,Asystent,opis
597,Kierownik,opis
598,Kierownik,opis
599,Koordynator,opis
600,Kierownik,opis
601,Koordynator,opis
602,Kierownik,opis
603,Asystent,opis
604,Asystent,opis
605,Koordynator,opis
606,Koordynator,opis
607,Asystent,opis
608,Kierownik,opis
609,Koordynator,opis
610,Koordynator,opis
611,Koordynator,opis
612,Asystent,opis
613,Kierownik,opis
614,Asystent,opis
615,Obsluga Klienta,opis
616,Kierownik,opis
617,Kierownik,opis
618,Koordynator,opis
619,Kierownik,opis
620,Asystent,opis
621,Koordynator,opis
622,Kierownik,opis
623,Koordynator,opis
624,Kierownik,opis
625,Koordynator,opis
626,Koordynator,opis
627,Obsluga Klienta,opis
628,Obsluga Klienta,opis
629,Asystent,opis
630,Koordynator,opis
631,Koordynator,opis
632,Asystent,opis
633,Kierownik,opis
634,Asystent,opis
635,Asystent,opis
636,Koordynator,opis
637,Obsluga Klienta,opis
638,Koordynator,opis
639,Kierownik,opis
640,Asystent,opis
641,Kierownik,opis
642,Obsluga Klienta,opis
643,Obsluga Klienta,opis
644,Kierownik,opis
645,Kierownik,opis
646,Asystent,opis
647,Koordynator,opis
648,Koordynator,opis
649,Koordynator,opis
650,Koordynator,opis
651,Asystent,opis
652,Kierownik,opis
653,Obsluga Klienta,opis
654,Kierownik,opis
655,Kierownik,opis
656,Asystent,opis
657,Obsluga Klienta,opis
658,Kierownik,opis
659,Kierownik,opis
660,Kierownik,opis
661,Obsluga Klienta,opis
662,Koordynator,opis
663,Koordynator,opis
664,Obsluga Klienta,opis
665,Obsluga Klienta,opis
666,Asystent,opis
667,Kierownik,opis
668,Koordynator,opis
669,Koordynator,opis
670,Koordynator,opis
671,Koordynator,opis
672,Kierownik,opis
673,Obsluga Klienta,opis
674,Asystent,opis
675,Kierownik,opis
676,Asystent,opis
677,Asystent,opis
678,Koordynator,opis
679,Kierownik,opis
680,Asystent,opis
681,Koordynator,opis
682,Koordynator,opis
683,Asystent,opis
684,Koordynator,opis
685,Kierownik,opis
686,Asystent,opis
687,Asystent,opis
688,Koordynator,opis
689,Asystent,opis
690,Kierownik,opis
691,Asystent,opis
692,Asystent,opis
693,Koordynator,opis
694,Kierownik,opis
695,Koordynator,opis
696,Kierownik,opis
697,Koordynator,opis
698,Asystent,opis
699,Asystent,opis
700,Asystent,opis
701,Kierownik,opis
702,Obsluga Klienta,opis
703,Kierownik,opis
704,Koordynator,opis
705,Koordynator,opis
706,Obsluga Klienta,opis
707,Kierownik,opis
708,Asystent,opis
709,Kierownik,opis
710,Asystent,opis
711,Obsluga Klienta,opis
712,Kierownik,opis
713,Kierownik,opis
714,Obsluga Klienta,opis
715,Obsluga Klienta,opis
716,Koordynator,opis
717,Kierownik,opis
718,Asystent,opis
719,Asystent,opis
720,Kierownik,opis
721,Obsluga Klienta,opis
722,Kierownik,opis
723,Koordynator,opis
724,Koordynator,opis
725,Obsluga Klienta,opis
726,Obsluga Klienta,opis
727,Koordynator,opis
728,Obsluga Klienta,opis
729,Obsluga Klienta,opis
730,Asystent,opis
731,Koordynator,opis
732,Obsluga Klienta,opis
733,Kierownik,opis
734,Kierownik,opis
735,Kierownik,opis
736,Kierownik,opis
737,Obsluga Klienta,opis
738,Asystent,opis
739,Koordynator,opis
740,Obsluga Klienta,opis
741,Koordynator,opis
742,Obsluga Klienta,opis
743,Koordynator,opis
744,Kierownik,opis
745,Obsluga Klienta,opis
746,Kierownik,opis
747,Asystent,opis
748,Obsluga Klienta,opis
749,Koordynator,opis
750,Koordynator,opis
751,Asystent,opis
752,Koordynator,opis
753,Kierownik,opis
754,Asystent,opis
755,Obsluga Klienta,opis
756,Kierownik,opis
757,Asystent,opis
758,Koordynator,opis
759,Kierownik,opis
760,Asystent,opis
761,Koordynator,opis
762,Kierownik,opis
763,Obsluga Klienta,opis
764,Kierownik,opis
765,Asystent,opis
766,Obsluga Klienta,opis
767,Asystent,opis
768,Obsluga Klienta,opis
769,Koordynator,opis
770,Kierownik,opis
771,Kierownik,opis
772,Kierownik,opis
773,Asystent,opis
774,Obsluga Klienta,opis
775,Obsluga Klienta,opis
776,Kierownik,opis
777,Asystent,opis
778,Obsluga Klienta,opis
779,Obsluga Klienta,opis
780,Koordynator,opis
781,Kierownik,opis
782,Koordynator,opis
783,Asystent,opis
784,Kierownik,opis
785,Asystent,opis
786,Kierownik,opis
787,Kierownik,opis
788,Kierownik,opis
789,Asystent,opis
790,Asystent,opis
791,Koordynator,opis
792,Koordynator,opis
793,Koordynator,opis
794,Obsluga Klienta,opis
795,Asystent,opis
796,Koordynator,opis
797,Kierownik,opis
798,Asystent,opis
799,Koordynator,opis
800,Asystent,opis
801,Koordynator,opis
802,Asystent,opis
803,Kierownik,opis
804,Asystent,opis
805,Asystent,opis
806,Kierownik,opis
807,Obsluga Klienta,opis
808,Kierownik,opis
809,Koordynator,opis
810,Asystent,opis
811,Kierownik,opis
812,Obsluga Klienta,opis
813,Asystent,opis
814,Koordynator,opis
815,Koordynator,opis
816,Obsluga Klienta,opis
817,Kierownik,opis
818,Kierownik,opis
819,Kierownik,opis
820,Obsluga Klienta,opis
821,Asystent,opis
822,Koordynator,opis
823,Kierownik,opis
824,Kierownik,opis
825,Asystent,opis
826,Koordynator,opis
827,Obsluga Klienta,opis
828,Obsluga Klienta,opis
829,Kierownik,opis
830,Obsluga Klienta,opis
831,Asystent,opis
832,Obsluga Klienta,opis
833,Kierownik,opis
834,Koordynator,opis
835,Koordynator,opis
836,Obsluga Klienta,opis
837,Koordynator,opis
838,Kierownik,opis
839,Obsluga Klienta,opis
840,Obsluga Klienta,opis
841,Koordynator,opis
842,Kierownik,opis
843,Obsluga Klienta,opis
844,Koordynator,opis
845,Asystent,opis
846,Obsluga Klienta,opis
847,Asystent,opis
848,Kierownik,opis
849,Obsluga Klienta,opis
850,Obsluga Klienta,opis
851,Kierownik,opis
852,Kierownik,opis
853,Koordynator,opis
854,Kierownik,opis
855,Kierownik,opis
856,Kierownik,opis
857,Kierownik,opis
858,Obsluga Klienta,opis
859,Asystent,opis
860,Asystent,opis
861,Koordynator,opis
862,Asystent,opis
863,Asystent,opis
864,Kierownik,opis
865,Kierownik,opis
866,Obsluga Klienta,opis
867,Obsluga Klienta,opis
868,Obsluga Klienta,opis
869,Koordynator,opis
870,Kierownik,opis
871,Koordynator,opis
872,Asystent,opis
873,Koordynator,opis
874,Obsluga Klienta,opis
875,Kierownik,opis
876,Asystent,opis
877,Obsluga Klienta,opis
878,Kierownik,opis
879,Kierownik,opis
880,Asystent,opis
881,Obsluga Klienta,opis
882,Obsluga Klienta,opis
883,Obsluga Klienta,opis
884,Koordynator,opis
885,Kierownik,opis
886,Asystent,opis
887,Kierownik,opis
888,Kierownik,opis
889,Koordynator,opis
890,Obsluga Klienta,opis
891,Asystent,opis
892,Kierownik,opis
893,Obsluga Klienta,opis
894,Kierownik,opis
895,Asystent,opis
896,Koordynator,opis
897,Koordynator,opis
898,Koordynator,opis
899,Asystent,opis
900,Asystent,opis
901,Asystent,opis
902,Kierownik,opis
903,Obsluga Klienta,opis
904,Asystent,opis
905,Asystent,opis
906,Asystent,opis
907,Koordynator,opis
908,Asystent,opis
909,Obsluga Klienta,opis
910,Koordynator,opis
911,Obsluga Klienta,opis
912,Asystent,opis
913,Koordynator,opis
914,Obsluga Klienta,opis
915,Koordynator,opis
916,Kierownik,opis
917,Asystent,opis
918,Kierownik,opis
919,Kierownik,opis
920,Asystent,opis
921,Kierownik,opis
922,Asystent,opis
923,Kierownik,opis
924,Kierownik,opis
925,Asystent,opis
926,Koordynator,opis
927,Asystent,opis
928,Obsluga Klienta,opis
929,Kierownik,opis
930,Kierownik,opis
931,Asystent,opis
932,Kierownik,opis
933,Obsluga Klienta,opis
934,Kierownik,opis
935,Obsluga Klienta,opis
936,Koordynator,opis
937,Koordynator,opis
938,Kierownik,opis
939,Kierownik,opis
940,Asystent,opis
941,Koordynator,opis
942,Koordynator,opis
943,Kierownik,opis
944,Asystent,opis
945,Asystent,opis
946,Obsluga Klienta,opis
947,Koordynator,opis
948,Asystent,opis
949,Asystent,opis
950,Koordynator,opis
951,Obsluga Klienta,opis
952,Obsluga Klienta,opis
953,Obsluga Klienta,opis
954,Kierownik,opis
955,Asystent,opis
956,Asystent,opis
957,Koordynator,opis
958,Asystent,opis
959,Koordynator,opis
960,Koordynator,opis
961,Obsluga Klienta,opis
962,Kierownik,opis
963,Obsluga Klienta,opis
964,Koordynator,opis
965,Asystent,opis
966,Koordynator,opis
967,Koordynator,opis
968,Obsluga Klienta,opis
969,Obsluga Klienta,opis
970,Asystent,opis
971,Kierownik,opis
972,Kierownik,opis
973,Obsluga Klienta,opis
974,Kierownik,opis
975,Koordynator,opis
976,Kierownik,opis
977,Koordynator,opis
978,Koordynator,opis
979,Kierownik,opis
980,Koordynator,opis
981,Koordynator,opis
982,Asystent,opis
983,Obsluga Klienta,opis
984,Koordynator,opis
985,Asystent,opis
986,Kierownik,opis
987,Kierownik,opis
988,Asystent,opis
989,Kierownik,opis
990,Koordynator,opis
991,Kierownik,opis
992,Obsluga Klienta,opis
993,Koordynator,opis
994,Koordynator,opis
995,Kierownik,opis
996,Obsluga Klienta,opis
997,Asystent,opis
998,Obsluga Klienta,opis
999,Obsluga Klienta,opis
1000,Asystent,opis
